sID,classID,assignmentName,grade
A1Kcf8Z1u3,cs171f17,Assignment1,78
Rjuqf7P3nX,cs171f17,Assignment1,96
ECk9NPOnC1,cs171f17,Assignment1,88
0nYGfSzH52,cs171f17,Assignment1,83
8BdlWK9mvn,cs171f17,Assignment1,87
hEp6l3yRkB,cs171f17,Assignment1,73
vrSPzDaBog,cs171f17,Assignment1,46
yVEE6glmyP,cs171f17,Assignment1,52
4D8d5NFQey,cs171f17,Assignment1,74
tmil3gYi8I,cs171f17,Assignment1,55
stB2damzF1,cs171f17,Assignment1,94
Q5zYQSo07T,cs171f17,Assignment1,73
A1Kcf8Z1u3,cs171f17,Assignment2,67
Rjuqf7P3nX,cs171f17,Assignment2,71
ECk9NPOnC1,cs171f17,Assignment2,60
0nYGfSzH52,cs171f17,Assignment2,100
8BdlWK9mvn,cs171f17,Assignment2,56
hEp6l3yRkB,cs171f17,Assignment2,88
vrSPzDaBog,cs171f17,Assignment2,51
yVEE6glmyP,cs171f17,Assignment2,88
4D8d5NFQey,cs171f17,Assignment2,96
tmil3gYi8I,cs171f17,Assignment2,56
stB2damzF1,cs171f17,Assignment2,47
Q5zYQSo07T,cs171f17,Assignment2,82
A1Kcf8Z1u3,cs171f17,Assignment3,70
Rjuqf7P3nX,cs171f17,Assignment3,94
ECk9NPOnC1,cs171f17,Assignment3,97
0nYGfSzH52,cs171f17,Assignment3,27
8BdlWK9mvn,cs171f17,Assignment3,63
hEp6l3yRkB,cs171f17,Assignment3,73
vrSPzDaBog,cs171f17,Assignment3,64
yVEE6glmyP,cs171f17,Assignment3,90
4D8d5NFQey,cs171f17,Assignment3,69
tmil3gYi8I,cs171f17,Assignment3,92
stB2damzF1,cs171f17,Assignment3,70
Q5zYQSo07T,cs171f17,Assignment3,40
A1Kcf8Z1u3,cs171f17,Assignment4,83
Rjuqf7P3nX,cs171f17,Assignment4,67
ECk9NPOnC1,cs171f17,Assignment4,94
0nYGfSzH52,cs171f17,Assignment4,33
8BdlWK9mvn,cs171f17,Assignment4,56
hEp6l3yRkB,cs171f17,Assignment4,68
vrSPzDaBog,cs171f17,Assignment4,47
yVEE6glmyP,cs171f17,Assignment4,67
4D8d5NFQey,cs171f17,Assignment4,94
tmil3gYi8I,cs171f17,Assignment4,54
stB2damzF1,cs171f17,Assignment4,50
Q5zYQSo07T,cs171f17,Assignment4,77
A1Kcf8Z1u3,cs171f17,Assignment5,93
Rjuqf7P3nX,cs171f17,Assignment5,73
ECk9NPOnC1,cs171f17,Assignment5,86
0nYGfSzH52,cs171f17,Assignment5,80
8BdlWK9mvn,cs171f17,Assignment5,46
hEp6l3yRkB,cs171f17,Assignment5,83
vrSPzDaBog,cs171f17,Assignment5,56
yVEE6glmyP,cs171f17,Assignment5,29
4D8d5NFQey,cs171f17,Assignment5,92
tmil3gYi8I,cs171f17,Assignment5,22
stB2damzF1,cs171f17,Assignment5,22
Q5zYQSo07T,cs171f17,Assignment5,62
A1Kcf8Z1u3,cs171f17,Midterm2,30
Rjuqf7P3nX,cs171f17,Midterm2,28
ECk9NPOnC1,cs171f17,Midterm2,53
0nYGfSzH52,cs171f17,Midterm2,56
8BdlWK9mvn,cs171f17,Midterm2,57
hEp6l3yRkB,cs171f17,Midterm2,23
vrSPzDaBog,cs171f17,Midterm2,33
yVEE6glmyP,cs171f17,Midterm2,28
4D8d5NFQey,cs171f17,Midterm2,41
tmil3gYi8I,cs171f17,Midterm2,41
stB2damzF1,cs171f17,Midterm2,56
Q5zYQSo07T,cs171f17,Midterm2,47
A1Kcf8Z1u3,cs171f17,Final Project,106
Rjuqf7P3nX,cs171f17,Final Project,126
ECk9NPOnC1,cs171f17,Final Project,103
0nYGfSzH52,cs171f17,Final Project,34
8BdlWK9mvn,cs171f17,Final Project,103
hEp6l3yRkB,cs171f17,Final Project,135
vrSPzDaBog,cs171f17,Final Project,107
yVEE6glmyP,cs171f17,Final Project,45
4D8d5NFQey,cs171f17,Final Project,149
tmil3gYi8I,cs171f17,Final Project,120
stB2damzF1,cs171f17,Final Project,124
Q5zYQSo07T,cs171f17,Final Project,91
A1Kcf8Z1u3,cs171f17,Bonus Quiz,9
Rjuqf7P3nX,cs171f17,Bonus Quiz,8
ECk9NPOnC1,cs171f17,Bonus Quiz,0
0nYGfSzH52,cs171f17,Bonus Quiz,3
8BdlWK9mvn,cs171f17,Bonus Quiz,9
hEp6l3yRkB,cs171f17,Bonus Quiz,8
vrSPzDaBog,cs171f17,Bonus Quiz,8
yVEE6glmyP,cs171f17,Bonus Quiz,1
4D8d5NFQey,cs171f17,Bonus Quiz,3
tmil3gYi8I,cs171f17,Bonus Quiz,3
stB2damzF1,cs171f17,Bonus Quiz,7
Q5zYQSo07T,cs171f17,Bonus Quiz,3
A1Kcf8Z1u3,cs171f17,Final Exam,100
Rjuqf7P3nX,cs171f17,Final Exam,100
ECk9NPOnC1,cs171f17,Final Exam,100
0nYGfSzH52,cs171f17,Final Exam,100
8BdlWK9mvn,cs171f17,Final Exam,100
hEp6l3yRkB,cs171f17,Final Exam,100
vrSPzDaBog,cs171f17,Final Exam,100
yVEE6glmyP,cs171f17,Final Exam,100
4D8d5NFQey,cs171f17,Final Exam,100
tmil3gYi8I,cs171f17,Final Exam,100
stB2damzF1,cs171f17,Final Exam,100
Q5zYQSo07T,cs171f17,Final Exam,100
WJrWAidLZ5,cs171f18,Assignment1,95
l8fb19WIds,cs171f18,Assignment1,88
DlK1RDF6DZ,cs171f18,Assignment1,69
s8jX7v1r9L,cs171f18,Assignment1,80
qSaWq5Khmt,cs171f18,Assignment1,78
JEdJCRTwMu,cs171f18,Assignment1,98
LbOIaCTwOR,cs171f18,Assignment1,78
F8SGo1rfbJ,cs171f18,Assignment1,81
aDQQtN7BnB,cs171f18,Assignment1,90
w4xX1lvTG7,cs171f18,Assignment1,68
ixYZCGpl5D,cs171f18,Assignment1,58
iep724zbM3,cs171f18,Assignment1,63
rRMSF0EH7d,cs171f18,Assignment1,71
EWUS9AaKts,cs171f18,Assignment1,89
WJrWAidLZ5,cs171f18,Assignment2,72
l8fb19WIds,cs171f18,Assignment2,70
DlK1RDF6DZ,cs171f18,Assignment2,61
s8jX7v1r9L,cs171f18,Assignment2,46
qSaWq5Khmt,cs171f18,Assignment2,90
JEdJCRTwMu,cs171f18,Assignment2,52
LbOIaCTwOR,cs171f18,Assignment2,69
F8SGo1rfbJ,cs171f18,Assignment2,91
aDQQtN7BnB,cs171f18,Assignment2,78
w4xX1lvTG7,cs171f18,Assignment2,45
ixYZCGpl5D,cs171f18,Assignment2,45
iep724zbM3,cs171f18,Assignment2,61
rRMSF0EH7d,cs171f18,Assignment2,75
EWUS9AaKts,cs171f18,Assignment2,67
WJrWAidLZ5,cs171f18,Assignment3,100
l8fb19WIds,cs171f18,Assignment3,92
DlK1RDF6DZ,cs171f18,Assignment3,51
s8jX7v1r9L,cs171f18,Assignment3,64
qSaWq5Khmt,cs171f18,Assignment3,68
JEdJCRTwMu,cs171f18,Assignment3,97
LbOIaCTwOR,cs171f18,Assignment3,89
F8SGo1rfbJ,cs171f18,Assignment3,53
aDQQtN7BnB,cs171f18,Assignment3,72
w4xX1lvTG7,cs171f18,Assignment3,92
ixYZCGpl5D,cs171f18,Assignment3,86
iep724zbM3,cs171f18,Assignment3,87
rRMSF0EH7d,cs171f18,Assignment3,68
EWUS9AaKts,cs171f18,Assignment3,54
WJrWAidLZ5,cs171f18,Assignment4,72
l8fb19WIds,cs171f18,Assignment4,88
DlK1RDF6DZ,cs171f18,Assignment4,72
s8jX7v1r9L,cs171f18,Assignment4,35
qSaWq5Khmt,cs171f18,Assignment4,50
JEdJCRTwMu,cs171f18,Assignment4,78
LbOIaCTwOR,cs171f18,Assignment4,94
F8SGo1rfbJ,cs171f18,Assignment4,92
aDQQtN7BnB,cs171f18,Assignment4,65
w4xX1lvTG7,cs171f18,Assignment4,39
ixYZCGpl5D,cs171f18,Assignment4,66
iep724zbM3,cs171f18,Assignment4,35
rRMSF0EH7d,cs171f18,Assignment4,64
EWUS9AaKts,cs171f18,Assignment4,98
WJrWAidLZ5,cs171f18,Midterm1,27
l8fb19WIds,cs171f18,Midterm1,55
DlK1RDF6DZ,cs171f18,Midterm1,40
s8jX7v1r9L,cs171f18,Midterm1,21
qSaWq5Khmt,cs171f18,Midterm1,29
JEdJCRTwMu,cs171f18,Midterm1,45
LbOIaCTwOR,cs171f18,Midterm1,35
F8SGo1rfbJ,cs171f18,Midterm1,26
aDQQtN7BnB,cs171f18,Midterm1,47
w4xX1lvTG7,cs171f18,Midterm1,25
ixYZCGpl5D,cs171f18,Midterm1,36
iep724zbM3,cs171f18,Midterm1,20
rRMSF0EH7d,cs171f18,Midterm1,48
EWUS9AaKts,cs171f18,Midterm1,22
WJrWAidLZ5,cs171f18,Assignment5,100
l8fb19WIds,cs171f18,Assignment5,82
DlK1RDF6DZ,cs171f18,Assignment5,67
s8jX7v1r9L,cs171f18,Assignment5,76
qSaWq5Khmt,cs171f18,Assignment5,77
JEdJCRTwMu,cs171f18,Assignment5,92
LbOIaCTwOR,cs171f18,Assignment5,41
F8SGo1rfbJ,cs171f18,Assignment5,53
aDQQtN7BnB,cs171f18,Assignment5,77
w4xX1lvTG7,cs171f18,Assignment5,99
ixYZCGpl5D,cs171f18,Assignment5,73
iep724zbM3,cs171f18,Assignment5,96
rRMSF0EH7d,cs171f18,Assignment5,83
EWUS9AaKts,cs171f18,Assignment5,63
WJrWAidLZ5,cs171f18,Midterm2,55
l8fb19WIds,cs171f18,Midterm2,24
DlK1RDF6DZ,cs171f18,Midterm2,49
s8jX7v1r9L,cs171f18,Midterm2,36
qSaWq5Khmt,cs171f18,Midterm2,59
JEdJCRTwMu,cs171f18,Midterm2,43
LbOIaCTwOR,cs171f18,Midterm2,59
F8SGo1rfbJ,cs171f18,Midterm2,43
aDQQtN7BnB,cs171f18,Midterm2,53
w4xX1lvTG7,cs171f18,Midterm2,30
ixYZCGpl5D,cs171f18,Midterm2,53
iep724zbM3,cs171f18,Midterm2,47
rRMSF0EH7d,cs171f18,Midterm2,28
EWUS9AaKts,cs171f18,Midterm2,32
WJrWAidLZ5,cs171f18,Final Project,64
l8fb19WIds,cs171f18,Final Project,138
DlK1RDF6DZ,cs171f18,Final Project,57
s8jX7v1r9L,cs171f18,Final Project,120
qSaWq5Khmt,cs171f18,Final Project,149
JEdJCRTwMu,cs171f18,Final Project,141
LbOIaCTwOR,cs171f18,Final Project,146
F8SGo1rfbJ,cs171f18,Final Project,71
aDQQtN7BnB,cs171f18,Final Project,
86w4xX1lvTG7,cs171f18,Final Project,47
ixYZCGpl5D,cs171f18,Final Project,65
iep724zbM3,cs171f18,Final Project,101
rRMSF0EH7d,cs171f18,Final Project,42
EWUS9AaKts,cs171f18,Final Project,119
WJrWAidLZ5,cs171f18,Bonus Quiz,5
l8fb19WIds,cs171f18,Bonus Quiz,7
DlK1RDF6DZ,cs171f18,Bonus Quiz,3
s8jX7v1r9L,cs171f18,Bonus Quiz,1
qSaWq5Khmt,cs171f18,Bonus Quiz,6
JEdJCRTwMu,cs171f18,Bonus Quiz,6
LbOIaCTwOR,cs171f18,Bonus Quiz,3
F8SGo1rfbJ,cs171f18,Bonus Quiz,6
aDQQtN7BnB,cs171f18,Bonus Quiz,7
w4xX1lvTG7,cs171f18,Bonus Quiz,3
ixYZCGpl5D,cs171f18,Bonus Quiz,3
iep724zbM3,cs171f18,Bonus Quiz,5
rRMSF0EH7d,cs171f18,Bonus Quiz,1
EWUS9AaKts,cs171f18,Bonus Quiz,4
WJrWAidLZ5,cs171f18,Final Exam,80
l8fb19WIds,cs171f18,Final Exam,79
DlK1RDF6DZ,cs171f18,Final Exam,92
s8jX7v1r9L,cs171f18,Final Exam,58
qSaWq5Khmt,cs171f18,Final Exam,49
JEdJCRTwMu,cs171f18,Final Exam,96
LbOIaCTwOR,cs171f18,Final Exam,36
F8SGo1rfbJ,cs171f18,Final Exam,99
aDQQtN7BnB,cs171f18,Final Exam,84
w4xX1lvTG7,cs171f18,Final Exam,86
ixYZCGpl5D,cs171f18,Final Exam,58
iep724zbM3,cs171f18,Final Exam,79
rRMSF0EH7d,cs171f18,Final Exam,78
EWUS9AaKts,cs171f18,Final Exam,54
A1Kcf8Z1u3,cs377s19,Homework1,62
Rjuqf7P3nX,cs377s19,Homework1,100
ECk9NPOnC1,cs377s19,Homework1,60
0nYGfSzH52,cs377s19,Homework1,63
8BdlWK9mvn,cs377s19,Homework1,86
hEp6l3yRkB,cs377s19,Homework1,56
vrSPzDaBog,cs377s19,Homework1,48
yVEE6glmyP,cs377s19,Homework1,56
4D8d5NFQey,cs377s19,Homework1,63
tmil3gYi8I,cs377s19,Homework1,74
stB2damzF1,cs377s19,Homework1,57
Q5zYQSo07T,cs377s19,Homework1,78
s8jX7v1r9L,cs377s19,Homework1,77
qSaWq5Khmt,cs377s19,Homework1,59
JEdJCRTwMu,cs377s19,Homework1,86
LbOIaCTwOR,cs377s19,Homework1,98
F8SGo1rfbJ,cs377s19,Homework1,86
aDQQtN7BnB,cs377s19,Homework1,86
w4xX1lvTG7,cs377s19,Homework1,75
ixYZCGpl5D,cs377s19,Homework1,64
A1Kcf8Z1u3,cs377s19,Homework2,95
Rjuqf7P3nX,cs377s19,Homework2,92
ECk9NPOnC1,cs377s19,Homework2,81
0nYGfSzH52,cs377s19,Homework2,71
8BdlWK9mvn,cs377s19,Homework2,68
hEp6l3yRkB,cs377s19,Homework2,71
vrSPzDaBog,cs377s19,Homework2,76
yVEE6glmyP,cs377s19,Homework2,88
4D8d5NFQey,cs377s19,Homework2,58
tmil3gYi8I,cs377s19,Homework2,47
stB2damzF1,cs377s19,Homework2,92
Q5zYQSo07T,cs377s19,Homework2,78
s8jX7v1r9L,cs377s19,Homework2,88
qSaWq5Khmt,cs377s19,Homework2,52
JEdJCRTwMu,cs377s19,Homework2,77
LbOIaCTwOR,cs377s19,Homework2,71
F8SGo1rfbJ,cs377s19,Homework2,93
aDQQtN7BnB,cs377s19,Homework2,74
w4xX1lvTG7,cs377s19,Homework2,89
ixYZCGpl5D,cs377s19,Homework2,45
A1Kcf8Z1u3,cs377s19,Homework3,98
Rjuqf7P3nX,cs377s19,Homework3,86
ECk9NPOnC1,cs377s19,Homework3,88
0nYGfSzH52,cs377s19,Homework3,57
8BdlWK9mvn,cs377s19,Homework3,41
hEp6l3yRkB,cs377s19,Homework3,96
vrSPzDaBog,cs377s19,Homework3,65
yVEE6glmyP,cs377s19,Homework3,26
4D8d5NFQey,cs377s19,Homework3,56
tmil3gYi8I,cs377s19,Homework3,99
stB2damzF1,cs377s19,Homework3,67
Q5zYQSo07T,cs377s19,Homework3,83
s8jX7v1r9L,cs377s19,Homework3,49
qSaWq5Khmt,cs377s19,Homework3,42
JEdJCRTwMu,cs377s19,Homework3,62
LbOIaCTwOR,cs377s19,Homework3,46
F8SGo1rfbJ,cs377s19,Homework3,89
aDQQtN7BnB,cs377s19,Homework3,58
w4xX1lvTG7,cs377s19,Homework3,58
ixYZCGpl5D,cs377s19,Homework3,22
A1Kcf8Z1u3,cs377s19,Midterm,88
Rjuqf7P3nX,cs377s19,Midterm,78
ECk9NPOnC1,cs377s19,Midterm,93
0nYGfSzH52,cs377s19,Midterm,26
8BdlWK9mvn,cs377s19,Midterm,74
hEp6l3yRkB,cs377s19,Midterm,41
vrSPzDaBog,cs377s19,Midterm,75
yVEE6glmyP,cs377s19,Midterm,97
4D8d5NFQey,cs377s19,Midterm,63
tmil3gYi8I,cs377s19,Midterm,62
stB2damzF1,cs377s19,Midterm,88
Q5zYQSo07T,cs377s19,Midterm,93
s8jX7v1r9L,cs377s19,Midterm,91
qSaWq5Khmt,cs377s19,Midterm,64
JEdJCRTwMu,cs377s19,Midterm,45
LbOIaCTwOR,cs377s19,Midterm,81
F8SGo1rfbJ,cs377s19,Midterm,31
aDQQtN7BnB,cs377s19,Midterm,54
w4xX1lvTG7,cs377s19,Midterm,83
ixYZCGpl5D,cs377s19,Midterm,32
A1Kcf8Z1u3,cs377s19,Homework4,67
Rjuqf7P3nX,cs377s19,Homework4,74
ECk9NPOnC1,cs377s19,Homework4,69
0nYGfSzH52,cs377s19,Homework4,75
8BdlWK9mvn,cs377s19,Homework4,77
hEp6l3yRkB,cs377s19,Homework4,26
vrSPzDaBog,cs377s19,Homework4,88
yVEE6glmyP,cs377s19,Homework4,94
4D8d5NFQey,cs377s19,Homework4,36
tmil3gYi8I,cs377s19,Homework4,43
stB2damzF1,cs377s19,Homework4,85
Q5zYQSo07T,cs377s19,Homework4,67
s8jX7v1r9L,cs377s19,Homework4,39
qSaWq5Khmt,cs377s19,Homework4,45
JEdJCRTwMu,cs377s19,Homework4,70
LbOIaCTwOR,cs377s19,Homework4,45
F8SGo1rfbJ,cs377s19,Homework4,91
aDQQtN7BnB,cs377s19,Homework4,90
w4xX1lvTG7,cs377s19,Homework4,62
ixYZCGpl5D,cs377s19,Homework4,39
A1Kcf8Z1u3,cs377s19,Homework5,58
Rjuqf7P3nX,cs377s19,Homework5,54
ECk9NPOnC1,cs377s19,Homework5,69
0nYGfSzH52,cs377s19,Homework5,44
8BdlWK9mvn,cs377s19,Homework5,77
hEp6l3yRkB,cs377s19,Homework5,23
vrSPzDaBog,cs377s19,Homework5,31
yVEE6glmyP,cs377s19,Homework5,80
4D8d5NFQey,cs377s19,Homework5,46
tmil3gYi8I,cs377s19,Homework5,80
stB2damzF1,cs377s19,Homework5,29
Q5zYQSo07T,cs377s19,Homework5,76
s8jX7v1r9L,cs377s19,Homework5,98
qSaWq5Khmt,cs377s19,Homework5,30
JEdJCRTwMu,cs377s19,Homework5,38
LbOIaCTwOR,cs377s19,Homework5,40
F8SGo1rfbJ,cs377s19,Homework5,81
aDQQtN7BnB,cs377s19,Homework5,40
w4xX1lvTG7,cs377s19,Homework5,47
ixYZCGpl5D,cs377s19,Homework5,45
A1Kcf8Z1u3,cs377s19,Homework6,98
Rjuqf7P3nX,cs377s19,Homework6,58
ECk9NPOnC1,cs377s19,Homework6,67
0nYGfSzH52,cs377s19,Homework6,25
8BdlWK9mvn,cs377s19,Homework6,100
hEp6l3yRkB,cs377s19,Homework6,75
vrSPzDaBog,cs377s19,Homework6,62
yVEE6glmyP,cs377s19,Homework6,55
4D8d5NFQey,cs377s19,Homework6,38
tmil3gYi8I,cs377s19,Homework6,97
stB2damzF1,cs377s19,Homework6,54
Q5zYQSo07T,cs377s19,Homework6,43
s8jX7v1r9L,cs377s19,Homework6,65
qSaWq5Khmt,cs377s19,Homework6,74
JEdJCRTwMu,cs377s19,Homework6,24
LbOIaCTwOR,cs377s19,Homework6,33
F8SGo1rfbJ,cs377s19,Homework6,40
aDQQtN7BnB,cs377s19,Homework6,77
w4xX1lvTG7,cs377s19,Homework6,72
ixYZCGpl5D,cs377s19,Homework6,66
A1Kcf8Z1u3,cs377s19,Homework7,66
Rjuqf7P3nX,cs377s19,Homework7,85
ECk9NPOnC1,cs377s19,Homework7,61
0nYGfSzH52,cs377s19,Homework7,20
8BdlWK9mvn,cs377s19,Homework7,78
hEp6l3yRkB,cs377s19,Homework7,68
vrSPzDaBog,cs377s19,Homework7,72
yVEE6glmyP,cs377s19,Homework7,45
4D8d5NFQey,cs377s19,Homework7,29
tmil3gYi8I,cs377s19,Homework7,25
stB2damzF1,cs377s19,Homework7,34
Q5zYQSo07T,cs377s19,Homework7,53
s8jX7v1r9L,cs377s19,Homework7,84
qSaWq5Khmt,cs377s19,Homework7,44
JEdJCRTwMu,cs377s19,Homework7,21
LbOIaCTwOR,cs377s19,Homework7,93
F8SGo1rfbJ,cs377s19,Homework7,70
aDQQtN7BnB,cs377s19,Homework7,51
w4xX1lvTG7,cs377s19,Homework7,48
ixYZCGpl5D,cs377s19,Homework7,70
A1Kcf8Z1u3,cs377s19,Homework8,58
Rjuqf7P3nX,cs377s19,Homework8,67
ECk9NPOnC1,cs377s19,Homework8,86
0nYGfSzH52,cs377s19,Homework8,45
8BdlWK9mvn,cs377s19,Homework8,96
hEp6l3yRkB,cs377s19,Homework8,97
vrSPzDaBog,cs377s19,Homework8,46
yVEE6glmyP,cs377s19,Homework8,70
4D8d5NFQey,cs377s19,Homework8,35
tmil3gYi8I,cs377s19,Homework8,42
stB2damzF1,cs377s19,Homework8,43
Q5zYQSo07T,cs377s19,Homework8,91
s8jX7v1r9L,cs377s19,Homework8,27
qSaWq5Khmt,cs377s19,Homework8,68
JEdJCRTwMu,cs377s19,Homework8,47
LbOIaCTwOR,cs377s19,Homework8,72
F8SGo1rfbJ,cs377s19,Homework8,36
aDQQtN7BnB,cs377s19,Homework8,62
w4xX1lvTG7,cs377s19,Homework8,62
ixYZCGpl5D,cs377s19,Homework8,57
A1Kcf8Z1u3,cs377s19,Final Exam,94
Rjuqf7P3nX,cs377s19,Final Exam,59
ECk9NPOnC1,cs377s19,Final Exam,51
0nYGfSzH52,cs377s19,Final Exam,58
8BdlWK9mvn,cs377s19,Final Exam,74
hEp6l3yRkB,cs377s19,Final Exam,66
vrSPzDaBog,cs377s19,Final Exam,40
yVEE6glmyP,cs377s19,Final Exam,82
4D8d5NFQey,cs377s19,Final Exam,48
tmil3gYi8I,cs377s19,Final Exam,90
stB2damzF1,cs377s19,Final Exam,38
Q5zYQSo07T,cs377s19,Final Exam,66
s8jX7v1r9L,cs377s19,Final Exam,52
qSaWq5Khmt,cs377s19,Final Exam,44
JEdJCRTwMu,cs377s19,Final Exam,40
LbOIaCTwOR,cs377s19,Final Exam,54
F8SGo1rfbJ,cs377s19,Final Exam,53
aDQQtN7BnB,cs377s19,Final Exam,93
w4xX1lvTG7,cs377s19,Final Exam,93
ixYZCGpl5D,cs377s19,Final Exam,21
tmt3aPs20s,cs171f19,Assignment1,95
QrcaEXMLnx,cs171f19,Assignment1,89
VxX7KCsBEi,cs171f19,Assignment1,70
PiQvBSPut9,cs171f19,Assignment1,70
MvygDkC5GZ,cs171f19,Assignment1,44
pSE2USVUGe,cs171f19,Assignment1,73
uZfhzJCf3Q,cs171f19,Assignment1,30
2ruNWPmicg,cs171f19,Assignment1,29
5xTn7laQAz,cs171f19,Assignment1,57
UPLEFa48ob,cs171f19,Assignment1,29
g0aGB2MNq6,cs171f19,Assignment1,89
vMCwbZJ5UI,cs171f19,Assignment1,61
P80TDV5kec,cs171f19,Assignment1,69
UX8dL9oWOH,cs171f19,Assignment1,85
erGZXNCSa8,cs171f19,Assignment1,39
aKtF7xlCj1,cs171f19,Assignment1,95
OcbMCqoATE,cs171f19,Assignment1,35
Ki437ImMiB,cs171f19,Assignment1,96
VkA4Ln4RP8,cs171f19,Assignment1,99
Vv5mvmR93y,cs171f19,Assignment1,36
9mCMQL1myp,cs171f19,Assignment1,37
FGVfybCruk,cs171f19,Assignment1,44
ybgAEICak2,cs171f19,Assignment1,81
tmt3aPs20s,cs171f19,Assignment2,83
QrcaEXMLnx,cs171f19,Assignment2,95
VxX7KCsBEi,cs171f19,Assignment2,95
PiQvBSPut9,cs171f19,Assignment2,91
MvygDkC5GZ,cs171f19,Assignment2,71
pSE2USVUGe,cs171f19,Assignment2,52
uZfhzJCf3Q,cs171f19,Assignment2,86
2ruNWPmicg,cs171f19,Assignment2,94
5xTn7laQAz,cs171f19,Assignment2,36
UPLEFa48ob,cs171f19,Assignment2,91
g0aGB2MNq6,cs171f19,Assignment2,47
vMCwbZJ5UI,cs171f19,Assignment2,70
P80TDV5kec,cs171f19,Assignment2,100
UX8dL9oWOH,cs171f19,Assignment2,62
erGZXNCSa8,cs171f19,Assignment2,35
aKtF7xlCj1,cs171f19,Assignment2,71
OcbMCqoATE,cs171f19,Assignment2,93
Ki437ImMiB,cs171f19,Assignment2,99
VkA4Ln4RP8,cs171f19,Assignment2,79
Vv5mvmR93y,cs171f19,Assignment2,85
9mCMQL1myp,cs171f19,Assignment2,92
FGVfybCruk,cs171f19,Assignment2,28
ybgAEICak2,cs171f19,Assignment2,29
tmt3aPs20s,cs171f19,Assignment3,96
QrcaEXMLnx,cs171f19,Assignment3,76
VxX7KCsBEi,cs171f19,Assignment3,70
PiQvBSPut9,cs171f19,Assignment3,66
MvygDkC5GZ,cs171f19,Assignment3,36
pSE2USVUGe,cs171f19,Assignment3,88
uZfhzJCf3Q,cs171f19,Assignment3,48
2ruNWPmicg,cs171f19,Assignment3,49
5xTn7laQAz,cs171f19,Assignment3,41
UPLEFa48ob,cs171f19,Assignment3,88
g0aGB2MNq6,cs171f19,Assignment3,71
vMCwbZJ5UI,cs171f19,Assignment3,93
P80TDV5kec,cs171f19,Assignment3,55
UX8dL9oWOH,cs171f19,Assignment3,45
erGZXNCSa8,cs171f19,Assignment3,71
aKtF7xlCj1,cs171f19,Assignment3,92
OcbMCqoATE,cs171f19,Assignment3,59
Ki437ImMiB,cs171f19,Assignment3,56
VkA4Ln4RP8,cs171f19,Assignment3,30
Vv5mvmR93y,cs171f19,Assignment3,55
9mCMQL1myp,cs171f19,Assignment3,47
FGVfybCruk,cs171f19,Assignment3,40
ybgAEICak2,cs171f19,Assignment3,37
tmt3aPs20s,cs171f19,Assignment4,88
QrcaEXMLnx,cs171f19,Assignment4,55
VxX7KCsBEi,cs171f19,Assignment4,97
PiQvBSPut9,cs171f19,Assignment4,67
MvygDkC5GZ,cs171f19,Assignment4,76
pSE2USVUGe,cs171f19,Assignment4,67
uZfhzJCf3Q,cs171f19,Assignment4,64
2ruNWPmicg,cs171f19,Assignment4,77
5xTn7laQAz,cs171f19,Assignment4,25
UPLEFa48ob,cs171f19,Assignment4,62
g0aGB2MNq6,cs171f19,Assignment4,56
vMCwbZJ5UI,cs171f19,Assignment4,75
P80TDV5kec,cs171f19,Assignment4,64
UX8dL9oWOH,cs171f19,Assignment4,97
erGZXNCSa8,cs171f19,Assignment4,22
aKtF7xlCj1,cs171f19,Assignment4,26
OcbMCqoATE,cs171f19,Assignment4,56
Ki437ImMiB,cs171f19,Assignment4,65
VkA4Ln4RP8,cs171f19,Assignment4,23
Vv5mvmR93y,cs171f19,Assignment4,84
9mCMQL1myp,cs171f19,Assignment4,24
FGVfybCruk,cs171f19,Assignment4,99
ybgAEICak2,cs171f19,Assignment4,85
tmt3aPs20s,cs171f19,Midterm1,33
QrcaEXMLnx,cs171f19,Midterm1,56
VxX7KCsBEi,cs171f19,Midterm1,44
PiQvBSPut9,cs171f19,Midterm1,30
MvygDkC5GZ,cs171f19,Midterm1,31
pSE2USVUGe,cs171f19,Midterm1,36
uZfhzJCf3Q,cs171f19,Midterm1,38
2ruNWPmicg,cs171f19,Midterm1,58
5xTn7laQAz,cs171f19,Midterm1,27
UPLEFa48ob,cs171f19,Midterm1,46
g0aGB2MNq6,cs171f19,Midterm1,26
vMCwbZJ5UI,cs171f19,Midterm1,29
P80TDV5kec,cs171f19,Midterm1,49
UX8dL9oWOH,cs171f19,Midterm1,24
erGZXNCSa8,cs171f19,Midterm1,34
aKtF7xlCj1,cs171f19,Midterm1,48
OcbMCqoATE,cs171f19,Midterm1,34
Ki437ImMiB,cs171f19,Midterm1,25
VkA4Ln4RP8,cs171f19,Midterm1,46
Vv5mvmR93y,cs171f19,Midterm1,52
9mCMQL1myp,cs171f19,Midterm1,54
FGVfybCruk,cs171f19,Midterm1,34
ybgAEICak2,cs171f19,Midterm1,60
tmt3aPs20s,cs171f19,Assignment5,86
QrcaEXMLnx,cs171f19,Assignment5,36
VxX7KCsBEi,cs171f19,Assignment5,47
PiQvBSPut9,cs171f19,Assignment5,56
MvygDkC5GZ,cs171f19,Assignment5,71
pSE2USVUGe,cs171f19,Assignment5,53
uZfhzJCf3Q,cs171f19,Assignment5,32
2ruNWPmicg,cs171f19,Assignment5,56
5xTn7laQAz,cs171f19,Assignment5,42
UPLEFa48ob,cs171f19,Assignment5,50
g0aGB2MNq6,cs171f19,Assignment5,79
vMCwbZJ5UI,cs171f19,Assignment5,23
P80TDV5kec,cs171f19,Assignment5,30
UX8dL9oWOH,cs171f19,Assignment5,46
erGZXNCSa8,cs171f19,Assignment5,78
aKtF7xlCj1,cs171f19,Assignment5,58
OcbMCqoATE,cs171f19,Assignment5,23
Ki437ImMiB,cs171f19,Assignment5,58
VkA4Ln4RP8,cs171f19,Assignment5,58
Vv5mvmR93y,cs171f19,Assignment5,77
9mCMQL1myp,cs171f19,Assignment5,84
FGVfybCruk,cs171f19,Assignment5,21
ybgAEICak2,cs171f19,Assignment5,84
tmt3aPs20s,cs171f19,Midterm2,51
QrcaEXMLnx,cs171f19,Midterm2,48
VxX7KCsBEi,cs171f19,Midterm2,27
PiQvBSPut9,cs171f19,Midterm2,26
MvygDkC5GZ,cs171f19,Midterm2,23
pSE2USVUGe,cs171f19,Midterm2,34
uZfhzJCf3Q,cs171f19,Midterm2,48
2ruNWPmicg,cs171f19,Midterm2,23
5xTn7laQAz,cs171f19,Midterm2,28
UPLEFa48ob,cs171f19,Midterm2,39
g0aGB2MNq6,cs171f19,Midterm2,59
vMCwbZJ5UI,cs171f19,Midterm2,26
P80TDV5kec,cs171f19,Midterm2,46
UX8dL9oWOH,cs171f19,Midterm2,22
erGZXNCSa8,cs171f19,Midterm2,35
aKtF7xlCj1,cs171f19,Midterm2,29
OcbMCqoATE,cs171f19,Midterm2,60
Ki437ImMiB,cs171f19,Midterm2,54
VkA4Ln4RP8,cs171f19,Midterm2,42
Vv5mvmR93y,cs171f19,Midterm2,50
9mCMQL1myp,cs171f19,Midterm2,26
FGVfybCruk,cs171f19,Midterm2,38
ybgAEICak2,cs171f19,Midterm2,50
tmt3aPs20s,cs171f19,Final Project,103
QrcaEXMLnx,cs171f19,Final Project,40
VxX7KCsBEi,cs171f19,Final Project,108
PiQvBSPut9,cs171f19,Final Project,120
MvygDkC5GZ,cs171f19,Final Project,94
pSE2USVUGe,cs171f19,Final Project,105
uZfhzJCf3Q,cs171f19,Final Project,22
2ruNWPmicg,cs171f19,Final Project,119
5xTn7laQAz,cs171f19,Final Project,48
UPLEFa48ob,cs171f19,Final Project,73
g0aGB2MNq6,cs171f19,Final Project,94
vMCwbZJ5UI,cs171f19,Final Project,68
P80TDV5kec,cs171f19,Final Project,39
UX8dL9oWOH,cs171f19,Final Project,55
erGZXNCSa8,cs171f19,Final Project,121
aKtF7xlCj1,cs171f19,Final Project,130
OcbMCqoATE,cs171f19,Final Project,80
Ki437ImMiB,cs171f19,Final Project,121
VkA4Ln4RP8,cs171f19,Final Project,115
Vv5mvmR93y,cs171f19,Final Project,125
9mCMQL1myp,cs171f19,Final Project,48
FGVfybCruk,cs171f19,Final Project,132
ybgAEICak2,cs171f19,Final Project,120
tmt3aPs20s,cs171f19,Bonus Quiz,1
QrcaEXMLnx,cs171f19,Bonus Quiz,7
VxX7KCsBEi,cs171f19,Bonus Quiz,9
PiQvBSPut9,cs171f19,Bonus Quiz,6
MvygDkC5GZ,cs171f19,Bonus Quiz,0
pSE2USVUGe,cs171f19,Bonus Quiz,4
uZfhzJCf3Q,cs171f19,Bonus Quiz,4
2ruNWPmicg,cs171f19,Bonus Quiz,9
5xTn7laQAz,cs171f19,Bonus Quiz,7
UPLEFa48ob,cs171f19,Bonus Quiz,10
g0aGB2MNq6,cs171f19,Bonus Quiz,8
vMCwbZJ5UI,cs171f19,Bonus Quiz,7
P80TDV5kec,cs171f19,Bonus Quiz,6
UX8dL9oWOH,cs171f19,Bonus Quiz,0
erGZXNCSa8,cs171f19,Bonus Quiz,2
aKtF7xlCj1,cs171f19,Bonus Quiz,7
OcbMCqoATE,cs171f19,Bonus Quiz,0
Ki437ImMiB,cs171f19,Bonus Quiz,0
VkA4Ln4RP8,cs171f19,Bonus Quiz,1
Vv5mvmR93y,cs171f19,Bonus Quiz,3
9mCMQL1myp,cs171f19,Bonus Quiz,1
FGVfybCruk,cs171f19,Bonus Quiz,2
ybgAEICak2,cs171f19,Bonus Quiz,3
tmt3aPs20s,cs171f19,Final Exam,64
QrcaEXMLnx,cs171f19,Final Exam,52
VxX7KCsBEi,cs171f19,Final Exam,58
PiQvBSPut9,cs171f19,Final Exam,53
MvygDkC5GZ,cs171f19,Final Exam,84
pSE2USVUGe,cs171f19,Final Exam,77
uZfhzJCf3Q,cs171f19,Final Exam,99
2ruNWPmicg,cs171f19,Final Exam,37
5xTn7laQAz,cs171f19,Final Exam,92
UPLEFa48ob,cs171f19,Final Exam,20
g0aGB2MNq6,cs171f19,Final Exam,63
vMCwbZJ5UI,cs171f19,Final Exam,85
P80TDV5kec,cs171f19,Final Exam,77
UX8dL9oWOH,cs171f19,Final Exam,49
erGZXNCSa8,cs171f19,Final Exam,91
aKtF7xlCj1,cs171f19,Final Exam,37
OcbMCqoATE,cs171f19,Final Exam,71
Ki437ImMiB,cs171f19,Final Exam,95
VkA4Ln4RP8,cs171f19,Final Exam,76
Vv5mvmR93y,cs171f19,Final Exam,88
9mCMQL1myp,cs171f19,Final Exam,46
FGVfybCruk,cs171f19,Final Exam,41
ybgAEICak2,cs171f19,Final Exam,29
WJrWAidLZ5,cs377s20,Assignment1,93
tmt3aPs20s,cs377s20,Assignment1,67
PiQvBSPut9,cs377s20,Assignment1,94
pSE2USVUGe,cs377s20,Assignment1,53
uZfhzJCf3Q,cs377s20,Assignment1,98
2ruNWPmicg,cs377s20,Assignment1,83
5xTn7laQAz,cs377s20,Assignment1,92
UPLEFa48ob,cs377s20,Assignment1,90
g0aGB2MNq6,cs377s20,Assignment1,79
vMCwbZJ5UI,cs377s20,Assignment1,69
P80TDV5kec,cs377s20,Assignment1,80
UX8dL9oWOH,cs377s20,Assignment1,59
erGZXNCSa8,cs377s20,Assignment1,69
aKtF7xlCj1,cs377s20,Assignment1,99
OcbMCqoATE,cs377s20,Assignment1,47
Ki437ImMiB,cs377s20,Assignment1,67
VkA4Ln4RP8,cs377s20,Assignment1,92
Vv5mvmR93y,cs377s20,Assignment1,89
9mCMQL1myp,cs377s20,Assignment1,63
WJrWAidLZ5,cs377s20,Assignment2,86
tmt3aPs20s,cs377s20,Assignment2,63
PiQvBSPut9,cs377s20,Assignment2,70
pSE2USVUGe,cs377s20,Assignment2,47
uZfhzJCf3Q,cs377s20,Assignment2,46
2ruNWPmicg,cs377s20,Assignment2,48
5xTn7laQAz,cs377s20,Assignment2,54
UPLEFa48ob,cs377s20,Assignment2,81
g0aGB2MNq6,cs377s20,Assignment2,69
vMCwbZJ5UI,cs377s20,Assignment2,68
P80TDV5kec,cs377s20,Assignment2,57
UX8dL9oWOH,cs377s20,Assignment2,83
erGZXNCSa8,cs377s20,Assignment2,49
aKtF7xlCj1,cs377s20,Assignment2,93
OcbMCqoATE,cs377s20,Assignment2,78
Ki437ImMiB,cs377s20,Assignment2,53
VkA4Ln4RP8,cs377s20,Assignment2,70
Vv5mvmR93y,cs377s20,Assignment2,87
9mCMQL1myp,cs377s20,Assignment2,73
WJrWAidLZ5,cs377s20,Assignment3,90
tmt3aPs20s,cs377s20,Assignment3,60
PiQvBSPut9,cs377s20,Assignment3,78
pSE2USVUGe,cs377s20,Assignment3,96
uZfhzJCf3Q,cs377s20,Assignment3,86
2ruNWPmicg,cs377s20,Assignment3,66
5xTn7laQAz,cs377s20,Assignment3,92
UPLEFa48ob,cs377s20,Assignment3,86
g0aGB2MNq6,cs377s20,Assignment3,82
vMCwbZJ5UI,cs377s20,Assignment3,99
P80TDV5kec,cs377s20,Assignment3,53
UX8dL9oWOH,cs377s20,Assignment3,74
erGZXNCSa8,cs377s20,Assignment3,90
aKtF7xlCj1,cs377s20,Assignment3,91
OcbMCqoATE,cs377s20,Assignment3,92
Ki437ImMiB,cs377s20,Assignment3,83
VkA4Ln4RP8,cs377s20,Assignment3,52
Vv5mvmR93y,cs377s20,Assignment3,79
9mCMQL1myp,cs377s20,Assignment3,97
WJrWAidLZ5,cs377s20,Assignment4,74
tmt3aPs20s,cs377s20,Assignment4,96
PiQvBSPut9,cs377s20,Assignment4,59
pSE2USVUGe,cs377s20,Assignment4,51
uZfhzJCf3Q,cs377s20,Assignment4,47
2ruNWPmicg,cs377s20,Assignment4,93
5xTn7laQAz,cs377s20,Assignment4,46
UPLEFa48ob,cs377s20,Assignment4,90
g0aGB2MNq6,cs377s20,Assignment4,45
vMCwbZJ5UI,cs377s20,Assignment4,85
P80TDV5kec,cs377s20,Assignment4,56
UX8dL9oWOH,cs377s20,Assignment4,62
erGZXNCSa8,cs377s20,Assignment4,86
aKtF7xlCj1,cs377s20,Assignment4,47
OcbMCqoATE,cs377s20,Assignment4,77
Ki437ImMiB,cs377s20,Assignment4,62
VkA4Ln4RP8,cs377s20,Assignment4,93
Vv5mvmR93y,cs377s20,Assignment4,87
9mCMQL1myp,cs377s20,Assignment4,48
WJrWAidLZ5,cs377s20,Midterm,97
tmt3aPs20s,cs377s20,Midterm,66
PiQvBSPut9,cs377s20,Midterm,71
pSE2USVUGe,cs377s20,Midterm,70
uZfhzJCf3Q,cs377s20,Midterm,55
2ruNWPmicg,cs377s20,Midterm,49
5xTn7laQAz,cs377s20,Midterm,95
UPLEFa48ob,cs377s20,Midterm,84
g0aGB2MNq6,cs377s20,Midterm,87
vMCwbZJ5UI,cs377s20,Midterm,93
P80TDV5kec,cs377s20,Midterm,67
UX8dL9oWOH,cs377s20,Midterm,56
erGZXNCSa8,cs377s20,Midterm,68
aKtF7xlCj1,cs377s20,Midterm,63
OcbMCqoATE,cs377s20,Midterm,82
Ki437ImMiB,cs377s20,Midterm,51
VkA4Ln4RP8,cs377s20,Midterm,65
Vv5mvmR93y,cs377s20,Midterm,59
9mCMQL1myp,cs377s20,Midterm,72
WJrWAidLZ5,cs377s20,Final Exam,97
tmt3aPs20s,cs377s20,Final Exam,144
PiQvBSPut9,cs377s20,Final Exam,114
pSE2USVUGe,cs377s20,Final Exam,85
uZfhzJCf3Q,cs377s20,Final Exam,124
2ruNWPmicg,cs377s20,Final Exam,98
5xTn7laQAz,cs377s20,Final Exam,78
UPLEFa48ob,cs377s20,Final Exam,99
g0aGB2MNq6,cs377s20,Final Exam,54
vMCwbZJ5UI,cs377s20,Final Exam,77
P80TDV5kec,cs377s20,Final Exam,142
UX8dL9oWOH,cs377s20,Final Exam,114
erGZXNCSa8,cs377s20,Final Exam,109
aKtF7xlCj1,cs377s20,Final Exam,142
OcbMCqoATE,cs377s20,Final Exam,57
Ki437ImMiB,cs377s20,Final Exam,95
VkA4Ln4RP8,cs377s20,Final Exam,135
Vv5mvmR93y,cs377s20,Final Exam,61
9mCMQL1myp,cs377s20,Final Exam,81
8uv1aK9btU,cs171f20,Project1,65
cp5asEx6KR,cs171f20,Project1,97
RxNqRHaaoI,cs171f20,Project1,98
AnRRwDoMFm,cs171f20,Project1,91
RwKSObZt8b,cs171f20,Project1,96
QVsfnLS8nP,cs171f20,Project1,96
piajOfWMIT,cs171f20,Project1,61
lKOmgoDP5M,cs171f20,Project1,82
xrWlqSyLPV,cs171f20,Project1,99
k4hG2bKBi2,cs171f20,Project1,47
OhfDW5FQet,cs171f20,Project1,79
0Bb2zMzQAL,cs171f20,Project1,84
qjAClhRo8T,cs171f20,Project1,86
MMNPTkNHZg,cs171f20,Project1,100
v9ksRoAENe,cs171f20,Project1,95
I8k5HwpLlU,cs171f20,Project1,71
pAA8hhbaAf,cs171f20,Project1,45
kJQAvxlegv,cs171f20,Project1,94
l8Ck5AEii7,cs171f20,Project1,55
EIBGkZJ8LU,cs171f20,Project1,50
WVztzxaqG1,cs171f20,Project1,57
nlNo3Ifie2,cs171f20,Project1,88
fe20lUruvB,cs171f20,Project1,78
q24FfeogSR,cs171f20,Project1,75
1aRjlUAYpO,cs171f20,Project1,68
WUMHFJy3AG,cs171f20,Project1,51
ujARr06uDs,cs171f20,Project1,51
RtDWbzvtoo,cs171f20,Project1,64
bCSKEQsp82,cs171f20,Project1,98
8uv1aK9btU,cs171f20,Project2,99
cp5asEx6KR,cs171f20,Project2,86
RxNqRHaaoI,cs171f20,Project2,85
AnRRwDoMFm,cs171f20,Project2,71
RwKSObZt8b,cs171f20,Project2,60
QVsfnLS8nP,cs171f20,Project2,71
piajOfWMIT,cs171f20,Project2,68
lKOmgoDP5M,cs171f20,Project2,84
xrWlqSyLPV,cs171f20,Project2,98
k4hG2bKBi2,cs171f20,Project2,90
OhfDW5FQet,cs171f20,Project2,77
0Bb2zMzQAL,cs171f20,Project2,69
qjAClhRo8T,cs171f20,Project2,66
MMNPTkNHZg,cs171f20,Project2,100
v9ksRoAENe,cs171f20,Project2,81
I8k5HwpLlU,cs171f20,Project2,87
pAA8hhbaAf,cs171f20,Project2,75
kJQAvxlegv,cs171f20,Project2,56
l8Ck5AEii7,cs171f20,Project2,65
EIBGkZJ8LU,cs171f20,Project2,96
WVztzxaqG1,cs171f20,Project2,79
nlNo3Ifie2,cs171f20,Project2,71
fe20lUruvB,cs171f20,Project2,55
q24FfeogSR,cs171f20,Project2,98
1aRjlUAYpO,cs171f20,Project2,76
WUMHFJy3AG,cs171f20,Project2,93
ujARr06uDs,cs171f20,Project2,97
RtDWbzvtoo,cs171f20,Project2,55
bCSKEQsp82,cs171f20,Project2,60
8uv1aK9btU,cs171f20,Midterm,26
cp5asEx6KR,cs171f20,Midterm,48
RxNqRHaaoI,cs171f20,Midterm,35
AnRRwDoMFm,cs171f20,Midterm,20
RwKSObZt8b,cs171f20,Midterm,44
QVsfnLS8nP,cs171f20,Midterm,29
piajOfWMIT,cs171f20,Midterm,27
lKOmgoDP5M,cs171f20,Midterm,30
xrWlqSyLPV,cs171f20,Midterm,38
k4hG2bKBi2,cs171f20,Midterm,45
OhfDW5FQet,cs171f20,Midterm,27
0Bb2zMzQAL,cs171f20,Midterm,10
qjAClhRo8T,cs171f20,Midterm,16
MMNPTkNHZg,cs171f20,Midterm,43
v9ksRoAENe,cs171f20,Midterm,36
I8k5HwpLlU,cs171f20,Midterm,21
pAA8hhbaAf,cs171f20,Midterm,7
kJQAvxlegv,cs171f20,Midterm,19
l8Ck5AEii7,cs171f20,Midterm,48
EIBGkZJ8LU,cs171f20,Midterm,49
WVztzxaqG1,cs171f20,Midterm,33
nlNo3Ifie2,cs171f20,Midterm,6
fe20lUruvB,cs171f20,Midterm,8
q24FfeogSR,cs171f20,Midterm,32
1aRjlUAYpO,cs171f20,Midterm,47
WUMHFJy3AG,cs171f20,Midterm,8
ujARr06uDs,cs171f20,Midterm,22
RtDWbzvtoo,cs171f20,Midterm,50
bCSKEQsp82,cs171f20,Midterm,9
8uv1aK9btU,cs171f20,Project3,98
cp5asEx6KR,cs171f20,Project3,69
RxNqRHaaoI,cs171f20,Project3,67
AnRRwDoMFm,cs171f20,Project3,95
RwKSObZt8b,cs171f20,Project3,82
QVsfnLS8nP,cs171f20,Project3,92
piajOfWMIT,cs171f20,Project3,86
lKOmgoDP5M,cs171f20,Project3,71
xrWlqSyLPV,cs171f20,Project3,100
k4hG2bKBi2,cs171f20,Project3,72
OhfDW5FQet,cs171f20,Project3,84
0Bb2zMzQAL,cs171f20,Project3,61
qjAClhRo8T,cs171f20,Project3,60
MMNPTkNHZg,cs171f20,Project3,74
v9ksRoAENe,cs171f20,Project3,49
I8k5HwpLlU,cs171f20,Project3,91
pAA8hhbaAf,cs171f20,Project3,99
kJQAvxlegv,cs171f20,Project3,100
l8Ck5AEii7,cs171f20,Project3,87
EIBGkZJ8LU,cs171f20,Project3,64
WVztzxaqG1,cs171f20,Project3,77
nlNo3Ifie2,cs171f20,Project3,81
fe20lUruvB,cs171f20,Project3,50
q24FfeogSR,cs171f20,Project3,56
1aRjlUAYpO,cs171f20,Project3,88
WUMHFJy3AG,cs171f20,Project3,85
ujARr06uDs,cs171f20,Project3,80
RtDWbzvtoo,cs171f20,Project3,78
bCSKEQsp82,cs171f20,Project3,56
8uv1aK9btU,cs171f20,Project4,91
cp5asEx6KR,cs171f20,Project4,97
RxNqRHaaoI,cs171f20,Project4,53
AnRRwDoMFm,cs171f20,Project4,50
RwKSObZt8b,cs171f20,Project4,60
QVsfnLS8nP,cs171f20,Project4,99
piajOfWMIT,cs171f20,Project4,99
lKOmgoDP5M,cs171f20,Project4,50
xrWlqSyLPV,cs171f20,Project4,72
k4hG2bKBi2,cs171f20,Project4,89
OhfDW5FQet,cs171f20,Project4,61
0Bb2zMzQAL,cs171f20,Project4,89
qjAClhRo8T,cs171f20,Project4,75
MMNPTkNHZg,cs171f20,Project4,78
v9ksRoAENe,cs171f20,Project4,93
I8k5HwpLlU,cs171f20,Project4,92
pAA8hhbaAf,cs171f20,Project4,71
kJQAvxlegv,cs171f20,Project4,87
l8Ck5AEii7,cs171f20,Project4,67
EIBGkZJ8LU,cs171f20,Project4,46
WVztzxaqG1,cs171f20,Project4,51
nlNo3Ifie2,cs171f20,Project4,88
fe20lUruvB,cs171f20,Project4,65
q24FfeogSR,cs171f20,Project4,86
1aRjlUAYpO,cs171f20,Project4,79
WUMHFJy3AG,cs171f20,Project4,75
ujARr06uDs,cs171f20,Project4,57
RtDWbzvtoo,cs171f20,Project4,89
bCSKEQsp82,cs171f20,Project4,72
8uv1aK9btU,cs171f20,Project5,70
cp5asEx6KR,cs171f20,Project5,96
RxNqRHaaoI,cs171f20,Project5,58
AnRRwDoMFm,cs171f20,Project5,94
RwKSObZt8b,cs171f20,Project5,77
QVsfnLS8nP,cs171f20,Project5,93
piajOfWMIT,cs171f20,Project5,93
lKOmgoDP5M,cs171f20,Project5,46
xrWlqSyLPV,cs171f20,Project5,56
k4hG2bKBi2,cs171f20,Project5,47
OhfDW5FQet,cs171f20,Project5,87
0Bb2zMzQAL,cs171f20,Project5,85
qjAClhRo8T,cs171f20,Project5,92
MMNPTkNHZg,cs171f20,Project5,62
v9ksRoAENe,cs171f20,Project5,64
I8k5HwpLlU,cs171f20,Project5,69
pAA8hhbaAf,cs171f20,Project5,92
kJQAvxlegv,cs171f20,Project5,94
l8Ck5AEii7,cs171f20,Project5,95
EIBGkZJ8LU,cs171f20,Project5,91
WVztzxaqG1,cs171f20,Project5,63
nlNo3Ifie2,cs171f20,Project5,80
fe20lUruvB,cs171f20,Project5,47
q24FfeogSR,cs171f20,Project5,53
1aRjlUAYpO,cs171f20,Project5,68
WUMHFJy3AG,cs171f20,Project5,48
ujARr06uDs,cs171f20,Project5,85
RtDWbzvtoo,cs171f20,Project5,46
bCSKEQsp82,cs171f20,Project5,54
8uv1aK9btU,cs171f20,Final Exam,83
cp5asEx6KR,cs171f20,Final Exam,78
RxNqRHaaoI,cs171f20,Final Exam,44
AnRRwDoMFm,cs171f20,Final Exam,89
RwKSObZt8b,cs171f20,Final Exam,95
QVsfnLS8nP,cs171f20,Final Exam,119
piajOfWMIT,cs171f20,Final Exam,109
lKOmgoDP5M,cs171f20,Final Exam,66
xrWlqSyLPV,cs171f20,Final Exam,68
k4hG2bKBi2,cs171f20,Final Exam,64
OhfDW5FQet,cs171f20,Final Exam,90
0Bb2zMzQAL,cs171f20,Final Exam,99
qjAClhRo8T,cs171f20,Final Exam,81
MMNPTkNHZg,cs171f20,Final Exam,71
v9ksRoAENe,cs171f20,Final Exam,77
I8k5HwpLlU,cs171f20,Final Exam,76
pAA8hhbaAf,cs171f20,Final Exam,88
kJQAvxlegv,cs171f20,Final Exam,115
l8Ck5AEii7,cs171f20,Final Exam,110
EIBGkZJ8LU,cs171f20,Final Exam,120
WVztzxaqG1,cs171f20,Final Exam,110
nlNo3Ifie2,cs171f20,Final Exam,73
fe20lUruvB,cs171f20,Final Exam,115
q24FfeogSR,cs171f20,Final Exam,108
1aRjlUAYpO,cs171f20,Final Exam,100
WUMHFJy3AG,cs171f20,Final Exam,119
ujARr06uDs,cs171f20,Final Exam,114
RtDWbzvtoo,cs171f20,Final Exam,80
bCSKEQsp82,cs171f20,Final Exam,79
xshALL98rR,cs377s21,Assignment1,80
8uv1aK9btU,cs377s21,Assignment1,84
cp5asEx6KR,cs377s21,Assignment1,69
RxNqRHaaoI,cs377s21,Assignment1,77
AnRRwDoMFm,cs377s21,Assignment1,77
RwKSObZt8b,cs377s21,Assignment1,80
QVsfnLS8nP,cs377s21,Assignment1,61
qjAClhRo8T,cs377s21,Assignment1,47
MMNPTkNHZg,cs377s21,Assignment1,71
v9ksRoAENe,cs377s21,Assignment1,90
I8k5HwpLlU,cs377s21,Assignment1,91
pAA8hhbaAf,cs377s21,Assignment1,48
kJQAvxlegv,cs377s21,Assignment1,69
l8Ck5AEii7,cs377s21,Assignment1,46
EIBGkZJ8LU,cs377s21,Assignment1,65
WVztzxaqG1,cs377s21,Assignment1,51
nlNo3Ifie2,cs377s21,Assignment1,96
fe20lUruvB,cs377s21,Assignment1,75
k4hG2bKBi2,cs377s21,Assignment1,69
OhfDW5FQet,cs377s21,Assignment1,96
xshALL98rR,cs377s21,Assignment2,63
8uv1aK9btU,cs377s21,Assignment2,88
cp5asEx6KR,cs377s21,Assignment2,70
RxNqRHaaoI,cs377s21,Assignment2,63
AnRRwDoMFm,cs377s21,Assignment2,65
RwKSObZt8b,cs377s21,Assignment2,99
QVsfnLS8nP,cs377s21,Assignment2,70
qjAClhRo8T,cs377s21,Assignment2,58
MMNPTkNHZg,cs377s21,Assignment2,74
v9ksRoAENe,cs377s21,Assignment2,81
I8k5HwpLlU,cs377s21,Assignment2,65
pAA8hhbaAf,cs377s21,Assignment2,90
kJQAvxlegv,cs377s21,Assignment2,78
l8Ck5AEii7,cs377s21,Assignment2,88
EIBGkZJ8LU,cs377s21,Assignment2,96
WVztzxaqG1,cs377s21,Assignment2,78
nlNo3Ifie2,cs377s21,Assignment2,78
fe20lUruvB,cs377s21,Assignment2,94
k4hG2bKBi2,cs377s21,Assignment2,85
OhfDW5FQet,cs377s21,Assignment2,96
xshALL98rR,cs377s21,Assignment3,67
8uv1aK9btU,cs377s21,Assignment3,94
cp5asEx6KR,cs377s21,Assignment3,100
RxNqRHaaoI,cs377s21,Assignment3,79
AnRRwDoMFm,cs377s21,Assignment3,85
RwKSObZt8b,cs377s21,Assignment3,100
QVsfnLS8nP,cs377s21,Assignment3,80
qjAClhRo8T,cs377s21,Assignment3,76
MMNPTkNHZg,cs377s21,Assignment3,59
v9ksRoAENe,cs377s21,Assignment3,90
I8k5HwpLlU,cs377s21,Assignment3,51
pAA8hhbaAf,cs377s21,Assignment3,49
kJQAvxlegv,cs377s21,Assignment3,72
l8Ck5AEii7,cs377s21,Assignment3,49
EIBGkZJ8LU,cs377s21,Assignment3,89
WVztzxaqG1,cs377s21,Assignment3,98
nlNo3Ifie2,cs377s21,Assignment3,74
fe20lUruvB,cs377s21,Assignment3,48
k4hG2bKBi2,cs377s21,Assignment3,68
OhfDW5FQet,cs377s21,Assignment3,79
xshALL98rR,cs377s21,Assignment4,89
8uv1aK9btU,cs377s21,Assignment4,76
cp5asEx6KR,cs377s21,Assignment4,89
RxNqRHaaoI,cs377s21,Assignment4,94
AnRRwDoMFm,cs377s21,Assignment4,62
RwKSObZt8b,cs377s21,Assignment4,73
QVsfnLS8nP,cs377s21,Assignment4,82
qjAClhRo8T,cs377s21,Assignment4,62
MMNPTkNHZg,cs377s21,Assignment4,60
v9ksRoAENe,cs377s21,Assignment4,79
I8k5HwpLlU,cs377s21,Assignment4,67
pAA8hhbaAf,cs377s21,Assignment4,59
kJQAvxlegv,cs377s21,Assignment4,73
l8Ck5AEii7,cs377s21,Assignment4,60
EIBGkZJ8LU,cs377s21,Assignment4,76
WVztzxaqG1,cs377s21,Assignment4,59
nlNo3Ifie2,cs377s21,Assignment4,72
fe20lUruvB,cs377s21,Assignment4,70
k4hG2bKBi2,cs377s21,Assignment4,57
OhfDW5FQet,cs377s21,Assignment4,80
xshALL98rR,cs377s21,Midterm,98
8uv1aK9btU,cs377s21,Midterm,62
cp5asEx6KR,cs377s21,Midterm,77
RxNqRHaaoI,cs377s21,Midterm,86
AnRRwDoMFm,cs377s21,Midterm,93
RwKSObZt8b,cs377s21,Midterm,93
QVsfnLS8nP,cs377s21,Midterm,54
qjAClhRo8T,cs377s21,Midterm,46
MMNPTkNHZg,cs377s21,Midterm,58
v9ksRoAENe,cs377s21,Midterm,84
I8k5HwpLlU,cs377s21,Midterm,81
pAA8hhbaAf,cs377s21,Midterm,81
kJQAvxlegv,cs377s21,Midterm,74
l8Ck5AEii7,cs377s21,Midterm,62
EIBGkZJ8LU,cs377s21,Midterm,45
WVztzxaqG1,cs377s21,Midterm,95
nlNo3Ifie2,cs377s21,Midterm,96
fe20lUruvB,cs377s21,Midterm,62
k4hG2bKBi2,cs377s21,Midterm,78
OhfDW5FQet,cs377s21,Midterm,68
xshALL98rR,cs377s21,Final Exam,103
8uv1aK9btU,cs377s21,Final Exam,114
cp5asEx6KR,cs377s21,Final Exam,116
RxNqRHaaoI,cs377s21,Final Exam,134
AnRRwDoMFm,cs377s21,Final Exam,123
RwKSObZt8b,cs377s21,Final Exam,120
QVsfnLS8nP,cs377s21,Final Exam,67
qjAClhRo8T,cs377s21,Final Exam,93
MMNPTkNHZg,cs377s21,Final Exam,132
v9ksRoAENe,cs377s21,Final Exam,116
I8k5HwpLlU,cs377s21,Final Exam,52
pAA8hhbaAf,cs377s21,Final Exam,115
kJQAvxlegv,cs377s21,Final Exam,68
l8Ck5AEii7,cs377s21,Final Exam,84
EIBGkZJ8LU,cs377s21,Final Exam,91
WVztzxaqG1,cs377s21,Final Exam,109
nlNo3Ifie2,cs377s21,Final Exam,146
fe20lUruvB,cs377s21,Final Exam,101
k4hG2bKBi2,cs377s21,Final Exam,57
OhfDW5FQet,cs377s21,Final Exam,105
qBhsb9AT1D,cs171f21,Assignment1,73
wUSNkrt2i7,cs171f21,Assignment1,63
YXCMIivcy6,cs171f21,Assignment1,85
loWO7ep40W,cs171f21,Assignment1,78
AyZm6kgtLQ,cs171f21,Assignment1,67
RCkC4TjYNZ,cs171f21,Assignment1,87
SGDgfAoZn8,cs171f21,Assignment1,90
UuUxEvmxXO,cs171f21,Assignment1,75
9wHtriXf8s,cs171f21,Assignment1,73
j3BjhOJA0K,cs171f21,Assignment1,92
77JVECgA9Y,cs171f21,Assignment1,82
LRH33DL7sR,cs171f21,Assignment1,63
82rggZxf5c,cs171f21,Assignment1,67
ffD2jzc574,cs171f21,Assignment1,81
zMdmtuvTDn,cs171f21,Assignment1,67
4RygfhpS1h,cs171f21,Assignment1,78
WW56HAP2R1,cs171f21,Assignment1,99
Sx6sqg2Av5,cs171f21,Assignment1,96
Oojd410rxz,cs171f21,Assignment1,79
qBhsb9AT1D,cs171f21,Assignment2,73
wUSNkrt2i7,cs171f21,Assignment2,72
YXCMIivcy6,cs171f21,Assignment2,70
loWO7ep40W,cs171f21,Assignment2,84
AyZm6kgtLQ,cs171f21,Assignment2,78
RCkC4TjYNZ,cs171f21,Assignment2,83
SGDgfAoZn8,cs171f21,Assignment2,82
UuUxEvmxXO,cs171f21,Assignment2,52
9wHtriXf8s,cs171f21,Assignment2,83
j3BjhOJA0K,cs171f21,Assignment2,66
77JVECgA9Y,cs171f21,Assignment2,57
LRH33DL7sR,cs171f21,Assignment2,70
82rggZxf5c,cs171f21,Assignment2,61
ffD2jzc574,cs171f21,Assignment2,51
zMdmtuvTDn,cs171f21,Assignment2,69
4RygfhpS1h,cs171f21,Assignment2,50
WW56HAP2R1,cs171f21,Assignment2,76
Sx6sqg2Av5,cs171f21,Assignment2,50
Oojd410rxz,cs171f21,Assignment2,95
qBhsb9AT1D,cs171f21,Assignment3,97
wUSNkrt2i7,cs171f21,Assignment3,77
YXCMIivcy6,cs171f21,Assignment3,97
loWO7ep40W,cs171f21,Assignment3,96
AyZm6kgtLQ,cs171f21,Assignment3,89
RCkC4TjYNZ,cs171f21,Assignment3,92
SGDgfAoZn8,cs171f21,Assignment3,97
UuUxEvmxXO,cs171f21,Assignment3,95
9wHtriXf8s,cs171f21,Assignment3,89
j3BjhOJA0K,cs171f21,Assignment3,65
77JVECgA9Y,cs171f21,Assignment3,74
LRH33DL7sR,cs171f21,Assignment3,54
82rggZxf5c,cs171f21,Assignment3,49
ffD2jzc574,cs171f21,Assignment3,55
zMdmtuvTDn,cs171f21,Assignment3,85
4RygfhpS1h,cs171f21,Assignment3,68
WW56HAP2R1,cs171f21,Assignment3,45
Sx6sqg2Av5,cs171f21,Assignment3,46
Oojd410rxz,cs171f21,Assignment3,69
qBhsb9AT1D,cs171f21,Midterm,30
wUSNkrt2i7,cs171f21,Midterm,42
YXCMIivcy6,cs171f21,Midterm,28
loWO7ep40W,cs171f21,Midterm,52
AyZm6kgtLQ,cs171f21,Midterm,49
RCkC4TjYNZ,cs171f21,Midterm,28
SGDgfAoZn8,cs171f21,Midterm,59
UuUxEvmxXO,cs171f21,Midterm,56
9wHtriXf8s,cs171f21,Midterm,22
j3BjhOJA0K,cs171f21,Midterm,34
77JVECgA9Y,cs171f21,Midterm,34
LRH33DL7sR,cs171f21,Midterm,29
82rggZxf5c,cs171f21,Midterm,42
ffD2jzc574,cs171f21,Midterm,46
zMdmtuvTDn,cs171f21,Midterm,43
4RygfhpS1h,cs171f21,Midterm,28
WW56HAP2R1,cs171f21,Midterm,24
Sx6sqg2Av5,cs171f21,Midterm,56
Oojd410rxz,cs171f21,Midterm,50
qBhsb9AT1D,cs171f21,Assignment4,82
wUSNkrt2i7,cs171f21,Assignment4,50
YXCMIivcy6,cs171f21,Assignment4,61
loWO7ep40W,cs171f21,Assignment4,65
AyZm6kgtLQ,cs171f21,Assignment4,67
RCkC4TjYNZ,cs171f21,Assignment4,50
SGDgfAoZn8,cs171f21,Assignment4,43
UuUxEvmxXO,cs171f21,Assignment4,76
9wHtriXf8s,cs171f21,Assignment4,46
j3BjhOJA0K,cs171f21,Assignment4,43
77JVECgA9Y,cs171f21,Assignment4,60
LRH33DL7sR,cs171f21,Assignment4,43
82rggZxf5c,cs171f21,Assignment4,68
ffD2jzc574,cs171f21,Assignment4,80
zMdmtuvTDn,cs171f21,Assignment4,70
4RygfhpS1h,cs171f21,Assignment4,87
WW56HAP2R1,cs171f21,Assignment4,31
Sx6sqg2Av5,cs171f21,Assignment4,89
Oojd410rxz,cs171f21,Assignment4,81
qBhsb9AT1D,cs171f21,Assignment5,
wUSNkrt2i7,cs171f21,Assignment5,
YXCMIivcy6,cs171f21,Assignment5,
loWO7ep40W,cs171f21,Assignment5,
AyZm6kgtLQ,cs171f21,Assignment5,
RCkC4TjYNZ,cs171f21,Assignment5,
SGDgfAoZn8,cs171f21,Assignment5,
UuUxEvmxXO,cs171f21,Assignment5,
9wHtriXf8s,cs171f21,Assignment5,
j3BjhOJA0K,cs171f21,Assignment5,
77JVECgA9Y,cs171f21,Assignment5,
LRH33DL7sR,cs171f21,Assignment5,
82rggZxf5c,cs171f21,Assignment5,
ffD2jzc574,cs171f21,Assignment5,
zMdmtuvTDn,cs171f21,Assignment5,
4RygfhpS1h,cs171f21,Assignment5,
WW56HAP2R1,cs171f21,Assignment5,
Sx6sqg2Av5,cs171f21,Assignment5,
Oojd410rxz,cs171f21,Assignment5,
qBhsb9AT1D,cs171f21,Assignment6,
wUSNkrt2i7,cs171f21,Assignment6,
YXCMIivcy6,cs171f21,Assignment6,
loWO7ep40W,cs171f21,Assignment6,
AyZm6kgtLQ,cs171f21,Assignment6,
RCkC4TjYNZ,cs171f21,Assignment6,
SGDgfAoZn8,cs171f21,Assignment6,
UuUxEvmxXO,cs171f21,Assignment6,
9wHtriXf8s,cs171f21,Assignment6,
j3BjhOJA0K,cs171f21,Assignment6,
77JVECgA9Y,cs171f21,Assignment6,
LRH33DL7sR,cs171f21,Assignment6,
82rggZxf5c,cs171f21,Assignment6,
ffD2jzc574,cs171f21,Assignment6,
zMdmtuvTDn,cs171f21,Assignment6,
4RygfhpS1h,cs171f21,Assignment6,
WW56HAP2R1,cs171f21,Assignment6,
Sx6sqg2Av5,cs171f21,Assignment6,
Oojd410rxz,cs171f21,Assignment6,
qBhsb9AT1D,cs171f21,Final Exam,
wUSNkrt2i7,cs171f21,Final Exam,
YXCMIivcy6,cs171f21,Final Exam,
loWO7ep40W,cs171f21,Final Exam,
AyZm6kgtLQ,cs171f21,Final Exam,
RCkC4TjYNZ,cs171f21,Final Exam,
SGDgfAoZn8,cs171f21,Final Exam,
UuUxEvmxXO,cs171f21,Final Exam,
9wHtriXf8s,cs171f21,Final Exam,
j3BjhOJA0K,cs171f21,Final Exam,
77JVECgA9Y,cs171f21,Final Exam,
LRH33DL7sR,cs171f21,Final Exam,
82rggZxf5c,cs171f21,Final Exam,
ffD2jzc574,cs171f21,Final Exam,
zMdmtuvTDn,cs171f21,Final Exam,
4RygfhpS1h,cs171f21,Final Exam,
WW56HAP2R1,cs171f21,Final Exam,
Sx6sqg2Av5,cs171f21,Final Exam,
Oojd410rxz,cs171f21,Final Exam,
bSZa17FK2l,cs377f21,Assignment1,67
A3mMrNEFsy,cs377f21,Assignment1,62
ize3lkeNiR,cs377f21,Assignment1,71
fk7USWbA60,cs377f21,Assignment1,75
Xo3aGKAsfE,cs377f21,Assignment1,98
q24FfeogSR,cs377f21,Assignment1,98
1aRjlUAYpO,cs377f21,Assignment1,98
WUMHFJy3AG,cs377f21,Assignment1,98
ujARr06uDs,cs377f21,Assignment1,98
RtDWbzvtoo,cs377f21,Assignment1,98
bCSKEQsp82,cs377f21,Assignment1,98
bSZa17FK2l,cs377f21,Assignment2,97
A3mMrNEFsy,cs377f21,Assignment2,75
ize3lkeNiR,cs377f21,Assignment2,86
fk7USWbA60,cs377f21,Assignment2,93
Xo3aGKAsfE,cs377f21,Assignment2,99
q24FfeogSR,cs377f21,Assignment2,86
1aRjlUAYpO,cs377f21,Assignment2,30
WUMHFJy3AG,cs377f21,Assignment2,41
ujARr06uDs,cs377f21,Assignment2,91
RtDWbzvtoo,cs377f21,Assignment2,34
bCSKEQsp82,cs377f21,Assignment2,68
bSZa17FK2l,cs377f21,Assignment3,89
A3mMrNEFsy,cs377f21,Assignment3,68
ize3lkeNiR,cs377f21,Assignment3,94
fk7USWbA60,cs377f21,Assignment3,87
Xo3aGKAsfE,cs377f21,Assignment3,67
q24FfeogSR,cs377f21,Assignment3,87
1aRjlUAYpO,cs377f21,Assignment3,52
WUMHFJy3AG,cs377f21,Assignment3,45
ujARr06uDs,cs377f21,Assignment3,66
RtDWbzvtoo,cs377f21,Assignment3,46
bCSKEQsp82,cs377f21,Assignment3,98
bSZa17FK2l,cs377f21,Midterm,89
A3mMrNEFsy,cs377f21,Midterm,58
ize3lkeNiR,cs377f21,Midterm,86
fk7USWbA60,cs377f21,Midterm,63
Xo3aGKAsfE,cs377f21,Midterm,65
q24FfeogSR,cs377f21,Midterm,45
1aRjlUAYpO,cs377f21,Midterm,79
WUMHFJy3AG,cs377f21,Midterm,38
ujARr06uDs,cs377f21,Midterm,88
RtDWbzvtoo,cs377f21,Midterm,100
bCSKEQsp82,cs377f21,Midterm,55
bSZa17FK2l,cs377f21,Assignment4,94
A3mMrNEFsy,cs377f21,Assignment4,56
ize3lkeNiR,cs377f21,Assignment4,92
fk7USWbA60,cs377f21,Assignment4,83
Xo3aGKAsfE,cs377f21,Assignment4,85
q24FfeogSR,cs377f21,Assignment4,40
1aRjlUAYpO,cs377f21,Assignment4,67
WUMHFJy3AG,cs377f21,Assignment4,93
ujARr06uDs,cs377f21,Assignment4,92
RtDWbzvtoo,cs377f21,Assignment4,60
bCSKEQsp82,cs377f21,Assignment4,60
bSZa17FK2l,cs377f21,Assignment5,
A3mMrNEFsy,cs377f21,Assignment5,
ize3lkeNiR,cs377f21,Assignment5,
fk7USWbA60,cs377f21,Assignment5,
Xo3aGKAsfE,cs377f21,Assignment5,
q24FfeogSR,cs377f21,Assignment5,
1aRjlUAYpO,cs377f21,Assignment5,
WUMHFJy3AG,cs377f21,Assignment5,
ujARr06uDs,cs377f21,Assignment5,
RtDWbzvtoo,cs377f21,Assignment5,
bCSKEQsp82,cs377f21,Assignment5,
bSZa17FK2l,cs377f21,Final Project,
A3mMrNEFsy,cs377f21,Final Project,
ize3lkeNiR,cs377f21,Final Project,
fk7USWbA60,cs377f21,Final Project,
Xo3aGKAsfE,cs377f21,Final Project,
q24FfeogSR,cs377f21,Final Project,
1aRjlUAYpO,cs377f21,Final Project,
WUMHFJy3AG,cs377f21,Final Project,
ujARr06uDs,cs377f21,Final Project,
RtDWbzvtoo,cs377f21,Final Project,
bCSKEQsp82,cs377f21,Final Project,
bSZa17FK2l,cs377f21,Final Exam,
A3mMrNEFsy,cs377f21,Final Exam,
ize3lkeNiR,cs377f21,Final Exam,
fk7USWbA60,cs377f21,Final Exam,
Xo3aGKAsfE,cs377f21,Final Exam,
q24FfeogSR,cs377f21,Final Exam,
1aRjlUAYpO,cs377f21,Final Exam,
WUMHFJy3AG,cs377f21,Final Exam,
ujARr06uDs,cs377f21,Final Exam,
RtDWbzvtoo,cs377f21,Final Exam,
bCSKEQsp82,cs377f21,Final Exam,